filename	cluster
1.jpg	cluster_2
10.jpg	cluster_2
100.jpg	cluster_0
101.jpg	cluster_0
102.jpg	cluster_0
103.jpg	cluster_0
104.jpg	cluster_0
105.jpg	cluster_0
106.jpg	cluster_0
107.jpg	cluster_0
108.jpg	cluster_0
109.jpg	cluster_0
11.jpg	cluster_2
110.jpg	cluster_0
111.jpg	cluster_0
112.jpg	cluster_2
113.jpg	cluster_0
114.jpg	cluster_0
115.jpg	cluster_0
116.jpg	cluster_0
117.jpg	cluster_0
118.jpg	cluster_0
119.jpg	cluster_0
12.jpg	cluster_2
120.jpg	cluster_0
121.jpg	cluster_0
13.jpg	cluster_2
14.jpg	cluster_2
15.jpg	cluster_2
16.jpg	cluster_2
17.jpg	cluster_2
18.jpg	cluster_2
19.jpg	cluster_2
2.jpg	cluster_2
20.jpg	cluster_2
3.jpg	cluster_2
35.jpg	cluster_2
36.jpg	cluster_2
37.jpg	cluster_2
38.jpg	cluster_2
39.jpg	cluster_2
40.jpg	cluster_2
41.jpg	cluster_2
42.jpg	cluster_1
43.jpg	cluster_1
44.jpg	cluster_1
45.jpg	cluster_1
46.jpg	cluster_1
47.jpg	cluster_1
48.jpg	cluster_1
49.jpg	cluster_1
50.jpg	cluster_2
51.jpg	cluster_1
52.jpg	cluster_1
53.jpg	cluster_1
54.jpg	cluster_1
55.jpg	cluster_2
56.jpg	cluster_1
57.jpg	cluster_1
58.jpg	noise
59.jpg	cluster_1
60.jpg	cluster_1
61.jpg	cluster_2
62.jpg	cluster_2
63.jpg	cluster_2
64.jpg	cluster_2
65.jpg	cluster_2
66.jpg	cluster_2
67.jpg	cluster_2
68.jpg	cluster_2
69.jpg	cluster_2
70.jpg	cluster_2
71.jpg	cluster_2
72.jpg	cluster_2
73.jpg	cluster_2
74.jpg	cluster_2
75.jpg	cluster_2
76.jpg	cluster_2
77.jpg	noise
78.jpg	cluster_2
79.jpg	cluster_2
80.jpg	cluster_2
81.jpg	cluster_2
82.jpg	cluster_2
83.jpg	cluster_2
84.jpg	cluster_2
85.jpg	cluster_2
86.jpg	cluster_2
87.jpg	cluster_2
88.jpg	cluster_2
89.jpg	cluster_2
90.jpg	cluster_0
91.jpg	cluster_0
92.jpg	cluster_0
93.jpg	noise
94.jpg	cluster_0
95.jpg	cluster_0
96.jpg	cluster_0
97.jpg	cluster_0
98.jpg	cluster_0
99.jpg	cluster_0
