image_id,style
1.jpg,hyper_pop
2.jpg,hyper_pop
3.jpg,hyper_pop
4.jpg,hyper_pop
5.jpg,hyper_pop
6.jpg,hyper_pop
7.jpg,hyper_pop
8.jpg,hyper_pop
9.jpg,hyper_pop
10.jpg,hyper_pop
11.jpg,hyper_pop
12.jpg,hyper_pop
13.jpg,hyper_pop
14.jpg,hyper_pop
15.jpg,hyper_pop
16.jpg,hyper_pop
17.jpg,hyper_pop
18.jpg,hyper_pop
19.jpg,hyper_pop
20.jpg,hyper_pop
21.jpg,athleisure
22.jpg,athleisure
23.jpg,athleisure
24.jpg,athleisure
25.jpg,athleisure
26.jpg,athleisure
27.jpg,athleisure
28.jpg,athleisure
29.jpg,athleisure
30.jpg,athleisure
31.jpg,athleisure
32.jpg,athleisure
33.png,athleisure
34.jpg,athleisure
35.jpg,athleisure
36.jpg,athleisure
37.jpg,athleisure
38.jpg,athleisure
39.jpg,athleisure
40.jpg,athleisure
41.jpg,ethereal
42.jpg,ethereal
43.jpg,ethereal
44.jpg,ethereal
45.jpg,ethereal
46.jpg,ethereal
47.jpg,ethereal
48.jpg,ethereal
49.jpg,ethereal
50.jpg,ethereal
51.jpg,ethereal
52.jpg,ethereal
53.jpg,ethereal
54.jpg,ethereal
55.jpg,ethereal
56.jpg,ethereal
57.jpg,ethereal
58.jpg,ethereal
59.jpg,ethereal
60.jpg,ethereal
61.jpg,fairycore
62.jpg,fairycore
63.jpg,fairycore
64.jpg,fairycore
65.jpg,fairycore
66.jpg,fairycore
67.jpg,fairycore
68.jpg,fairycore
69.jpg,fairycore
70.jpg,fairycore
71.jpg,fairycore
72.jpg,fairycore
73.jpg,fairycore
74.jpg,fairycore
75.jpg,fairycore
76.png,fairycore
77.jpg,fairycore
78.jpg,fairycore
79.jpg,fairycore
80.jpg,fairycore
81.jpg,vacation
82.jpg,vacation
83.jpg,vacation
84.jpg,vacation
85.jpg,vacation
86.jpg,vacation
87.jpg,vacation
88.jpg,vacation
89.jpg,vacation
90.jpg,vacation
91.jpg,vacation
92.jpg,vacation
93.png,vacation
94.jpg,vacation
95.jpg,vacation
96.jpg,vacation
97.jpg,vacation
98.jpg,vacation
99.jpg,vacation
100.jpg,vacation
101.jpg,goth
102.jpg,goth
103.jpg,goth
104.jpg,goth
105.jpg,goth
106.jpg,goth
107.jpg,goth
108.jpg,goth
109.jpg,goth
110.jpg,goth
111.jpg,goth
112.jpg,goth
113.jpg,goth
114.jpg,goth
115.jpg,goth
116.jpg,goth
117.jpg,goth
118.jpg,goth
119.jpg,goth
120.jpg,goth
121.jpg,street_style
122.jpg,street_style
123.jpg,street_style
124.jpg,street_style
125.jpg,street_style
126.jpg,street_style
127.jpg,street_style
128.jpg,street_style
129.jpg,street_style
130.jpg,street_style
131.jpg,street_style
132.jpg,street_style
133.jpg,street_style
134.jpg,street_style
135.jpg,street_style
136.jpg,street_style
137.jpg,street_style
138.jpg,street_style
139.jpg,street_style
140.jpg,street_style
141.jpg,street_style
